{"cameraMode":{"drawMode":0,"name":"Shaded","section":"Shading Mode"},"sceneLighting":true,"audioPlay":false,"sceneViewState":{"m_AlwaysRefresh":false,"showFog":true,"showSkybox":true,"showFlares":true,"showImageEffects":true,"showParticleSystems":true,"showVisualEffectGraphs":true,"m_FxEnabled":true},"in2DMode":false,"pivot":{"x":0.7333698272705078,"y":14.861870765686036,"z":111.32671356201172},"rotation":{"x":-0.020962487906217576,"y":-0.7194358706474304,"z":0.021887248381972314,"w":-0.6939785480499268},"size":5.39939546585083,"orthographic":false}